Video URL,Title,Captions Available,Caption Text
https://www.youtube.com/watch?v=AL2xUN_eP50,State of Play,No,No captions available :()
https://www.youtube.com/watch?v=IEAfVDaf1hM,Contagion,No,No captions available :()
https://www.youtube.com/watch?v=LjiXs0LdFZs,Definitely Maybe,No,No captions available :()
https://www.youtube.com/watch?v=GjbLPDsPhDA,We Bought a Zoo,No,No captions available :()
https://www.youtube.com/watch?v=eRSkM_W9xXw,Charlie Wilson's War,No,No captions available :()
https://www.youtube.com/watch?v=JLwNc9sGEes,Shallow Hal,No,No captions available :()
https://www.youtube.com/watch?v=XGWx4Cu8ti0,Jarhead,No,No captions available :()
https://www.youtube.com/watch?v=UL6rjfjiaWs,A Better Life,No,No captions available :()
https://www.youtube.com/watch?v=1NBUpld5hZA,Navidad en familia,No,No captions available :()
https://www.youtube.com/watch?v=9Os8D7O6MZU,Australia,No,No captions available :()
https://www.youtube.com/watch?v=jbJdNpdT31Y,What If,No,No captions available :()
https://www.youtube.com/watch?v=etcvW4k7OyE,Man on a Ledge,No,No captions available :()
https://www.youtube.com/watch?v=sQdmt7vIEdQ,Wreck-It Ralph,No,No captions available :()
https://www.youtube.com/watch?v=I1pkrZJ2sj8,Patch Adams,No,No captions available :()
https://www.youtube.com/watch?v=uCNDHDA2Vi4,Manchester by the Sea,No,No captions available :()
https://www.youtube.com/watch?v=ThrC-JWxVA4,Tower Heist,No,No captions available :()
https://www.youtube.com/watch?v=FzebZ_uu0gk,Inside Man,No,No captions available :()
https://www.youtube.com/watch?v=jdGaUUB2aak,The Monuments Men,No,No captions available :()
https://www.youtube.com/watch?v=iEMKrOjsksE,The Rite,No,No captions available :()
https://www.youtube.com/watch?v=MoD8Wt97Xq8,Mission To Mars,No,No captions available :()
https://www.youtube.com/watch?v=UOxjpPtHVZM,Max (2015),No,No captions available :()
https://www.youtube.com/watch?v=5SR6dPkQ_rM,Total Recall,No,No captions available :()
https://www.youtube.com/watch?v=4dfnH232lB4,Incarnate,No,No captions available :()
https://www.youtube.com/watch?v=3LCiNRNkSug,Vacation,No,No captions available :()
https://www.youtube.com/watch?v=XzrOks5QVo4,The November Man,No,No captions available :()
https://www.youtube.com/watch?v=Y45SC-THvwI,Allied,No,No captions available :()
https://www.youtube.com/watch?v=C1hAEMXf85c,X-Men: The Last Stand,No,No captions available :()
https://www.youtube.com/watch?v=JG1pnk2VgEo,Mirror Mirror,No,No captions available :()
https://www.youtube.com/watch?v=UaHMLfKeAtU,Money Monster,No,No captions available :()
https://www.youtube.com/watch?v=yY5bcIq_h4k,Sucker Punch,No,No captions available :()
https://www.youtube.com/watch?v=nNPZOZR_WDQ,Hell or High Water,No,No captions available :()
https://www.youtube.com/watch?v=pnwfdY0HVu4,Pete's Dragon (2016),No,No captions available :()
https://www.youtube.com/watch?v=r3MM8CvL1oA,The 5th Wave,No,No captions available :()
https://www.youtube.com/watch?v=8jdWA0pM9X8,What to Expect When you are Expecting,No,No captions available :()
https://www.youtube.com/watch?v=qKcOtOejaic,My Best Friend's Wedding,No,No captions available :()
https://www.youtube.com/watch?v=rNTOuqR6x_Q,The Little Rascals Save the Day,No,No captions available :()
https://www.youtube.com/watch?v=k7UaZ6Su5dI,The Smurfs,No,No captions available :()
https://www.youtube.com/watch?v=gc9sgdUkWY0,G.I. Joe: The Rise of Cobra,No,No captions available :()
https://www.youtube.com/watch?v=4CAhEt_f960,The Italian Job (2003),No,No captions available :()
https://www.youtube.com/watch?v=2BR-LGAfqjQ,Resident Evil: Retribution,No,No captions available :()
https://www.youtube.com/watch?v=AWpl7YE_38Q,Superman Returns,No,No captions available :()
https://www.youtube.com/watch?v=-0sxErCPYVc,American Assassin,No,No captions available :()
https://www.youtube.com/watch?v=wMFADwMcKgk,Sniper: Ghost Shooter,No,No captions available :()
https://www.youtube.com/watch?v=6fZVUHXJcUw,Rogue One: A Star Wars Story,No,No captions available :()
https://www.youtube.com/watch?v=6xrh-w09Rvo,The Ugly Truth,No,No captions available :()
https://www.youtube.com/watch?v=OVS_z4Ru1YY,Fantastic Four,No,No captions available :()
https://www.youtube.com/watch?v=bGY10oqiJoM,The Ant Bully,No,No captions available :()
https://www.youtube.com/watch?v=bfEIhjqXP5A,The Tourist,No,No captions available :()
https://www.youtube.com/watch?v=rAz5u3wiCVk,Jack Reacher: Never Go Back,No,No captions available :()
https://www.youtube.com/watch?v=mhSAFrqjapQ,Epic,No,No captions available :()
https://www.youtube.com/watch?v=8KWjhxHb99w,Dr. Seuss' Horton Hears a Who!,No,No captions available :()
https://www.youtube.com/watch?v=nSDuzEmm3w8,Mr. and Mrs. Smith,No,No captions available :()
https://www.youtube.com/watch?v=_33KvQFrunc,Nacho Libre,No,No captions available :()
https://www.youtube.com/watch?v=KnP9nl6JfvI,Transporter 2,No,No captions available :()
https://www.youtube.com/watch?v=g1zqqsOU3bU,Brooklyn,No,No captions available :()
https://www.youtube.com/watch?v=LlNSB_-GmBI,Gone,No,No captions available :()
https://www.youtube.com/watch?v=FhV6Vqbezk0,Colossal,No,No captions available :()
https://www.youtube.com/watch?v=WJlY0VySfbo,The Spy Who Loved Me,No,No captions available :()
https://www.youtube.com/watch?v=F9Vc60F5IeM,Yogi Bear,No,No captions available :()
https://www.youtube.com/watch?v=R9rf3urf-J0,The Butler,No,No captions available :()
https://www.youtube.com/watch?v=ecrWgbtmb8I,The Walk,No,No captions available :()
https://www.youtube.com/watch?v=2Mq6z-IlECA,In the Heart of the Sea,No,No captions available :()
https://www.youtube.com/watch?v=UNLBgIMaPjQ,The 33,No,No captions available :()
https://www.youtube.com/watch?v=8wGmzBF4IHU,Ocean's Thirteen,No,No captions available :()
https://www.youtube.com/watch?v=Aycsq9SsMxk,Cloudy With A Chance Of Meatballs 2,No,No captions available :()
https://www.youtube.com/watch?v=ROyLVfROnP0,Where the Wild Things Are,No,No captions available :()
https://www.youtube.com/watch?v=YVkmfUAIlb4,Robot and Frank,No,No captions available :()
https://www.youtube.com/watch?v=Mlb3v9uDK30,Assassin's Creed,No,No captions available :()
https://www.youtube.com/watch?v=yhsihRa9XUQ,Charlie's Angels: Full Throttle,No,No captions available :()
https://www.youtube.com/watch?v=G92Jr_id27k,Underworld Awakening,No,No captions available :()
https://www.youtube.com/watch?v=vIYrlx1UEgs,Ouija,No,No captions available :()
https://www.youtube.com/watch?v=HUK2SCqzuJc,Breathe In,No,No captions available :()
https://www.youtube.com/watch?v=kBwi0cSuYC4,Insidious: Chapter 2,No,No captions available :()
https://www.youtube.com/watch?v=_8ZGNDhXa8o,Fire with Fire,No,No captions available :()
https://www.youtube.com/watch?v=M2-_8Vi-_xo,The Lost Future,No,No captions available :()
https://www.youtube.com/watch?v=UrEj6cEvdgU,Shrek,No,No captions available :()
https://www.youtube.com/watch?v=uKnTScBY7Ps,The Judge,No,No captions available :()
https://www.youtube.com/watch?v=LLZYdD6HWG4,The Lone Ranger (2013),No,No captions available :()
https://www.youtube.com/watch?v=rhfPDyuY5c0,Patriots Day,No,No captions available :()
https://www.youtube.com/watch?v=IIfFAy3LLk4,Cloudy with a Chance of Meatballs,No,No captions available :()
https://www.youtube.com/watch?v=n9oqY9rV050,Death Race (Theatrical),No,No captions available :()
https://www.youtube.com/watch?v=SblnEKxmi7s,The Finest Hours (2016),No,No captions available :()
https://www.youtube.com/watch?v=LXCPQvjBFhc,Tears of the Sun,No,No captions available :()
https://www.youtube.com/watch?v=aNBZc7Prc9g,The Hangover Part III,No,No captions available :()
https://www.youtube.com/watch?v=OtLZRiECnRU,The Waterboy,No,No captions available :()
https://www.youtube.com/watch?v=vscw5BkPP1k,R.I.P.D.,No,No captions available :()
https://www.youtube.com/watch?v=635mKczPl3k,Terminator Genisys,No,No captions available :()
https://www.youtube.com/watch?v=vGXL8OQD4UY,A.I. Artificial Intelligence,No,No captions available :()
https://www.youtube.com/watch?v=ORJSyHyhJng,Wrath of the Titans (2012),No,No captions available :()
https://www.youtube.com/watch?v=NZT4WDmT-bw,Hellboy 2:  The Golden Army,No,No captions available :()
https://www.youtube.com/watch?v=1Ldjxbh9CUA,The Shallows,No,No captions available :()
https://www.youtube.com/watch?v=xLticXsZSYw,Alice Through the Looking Glass (2016),No,No captions available :()
https://www.youtube.com/watch?v=dslwn6OwdmQ,Ice Age: Collision Course,No,No captions available :()
https://www.youtube.com/watch?v=MuAtOyrkfVM,Ben-Hur,No,No captions available :()
https://www.youtube.com/watch?v=1ykHwNC6FQw,The Divergent Series Insurgent,No,No captions available :()
https://www.youtube.com/watch?v=lcQGR65qr2M,Ride Along 2,No,No captions available :()
https://www.youtube.com/watch?v=h0zvXZXoB1A,Closer,No,No captions available :()
https://www.youtube.com/watch?v=WcGWYL6SbYI,Gods Of Egypt,No,No captions available :()
https://www.youtube.com/watch?v=nJCvUiDYr9c,Turbo,No,No captions available :()
https://www.youtube.com/watch?v=WBkyBz7TlGo,Terminator Salvation,No,No captions available :()
https://www.youtube.com/watch?v=Tta0CKImBNk,Maze Runner: the Scorch Trials,No,No captions available :()
https://www.youtube.com/watch?v=G9U54uA6q08,It Follows,No,No captions available :()
https://www.youtube.com/watch?v=Uio6v-LB8Ks,Ghostbusters,No,No captions available :()
https://www.youtube.com/watch?v=UAxMVhK30Gg,Ouija: Origin of Evil,No,No captions available :()
https://www.youtube.com/watch?v=39yazi5GMPA,The Smurfs 2,No,No captions available :()
https://www.youtube.com/watch?v=Y09jN38z1Jg,Jupiter Ascending,No,No captions available :()
https://www.youtube.com/watch?v=x0O7lCbE66M,League Of Extraordinary Gentlemen,No,No captions available :()
https://www.youtube.com/watch?v=m34DYXXN3KM,Scooby-Doo! and WWE: Curse of the Speed Demon,No,No captions available :()
https://www.youtube.com/watch?v=K2KVKF3YGG0,Red Riding Hood,No,No captions available :()
https://www.youtube.com/watch?v=w0kUFIi927s,Scooby-Doo! Frankencreepy,No,No captions available :()
https://www.youtube.com/watch?v=3DqMQAkulpk,The Ides Of March,No,No captions available :()
https://www.youtube.com/watch?v=D4JtLCp0hmI,Faster,No,No captions available :()
https://www.youtube.com/watch?v=raxBpihSVao,I Know What You Did Last Summer,No,No captions available :()
https://www.youtube.com/watch?v=iLq6BtPTgWs,Street Dance 2,No,No captions available :()
https://www.youtube.com/watch?v=XWISSqsBNiM,Daddy Cool,No,No captions available :()
https://www.youtube.com/watch?v=tmvFuKDcGzc,Free Fire,No,No captions available :()
https://www.youtube.com/watch?v=7FvfjZqC3is,Barbie and The Secret Door,No,No captions available :()
https://www.youtube.com/watch?v=YmTHcXjAOyE,Anjaamai,Yes,"Highness, the elections are near. The people are outraged with us. Before elections,
you bow down before us to get votes. After elections, you break our backs
and demand us to bow down. You people become stooges
to the corporate companies. And sell the nation to them! Every father goes through hardship
to provide education to their children. THOSE AFFECTED BY ""NEET"" EXAMINATION
SHOULD NOT TAKE A PERVERSE DECISION There was a time when just pursuing
education was enough. Then, scoring grades was imperative. Now... this system decides
our student's future. Why must one endure hardship
to provide education? Why have we allowed the system to grow
and normalize this over the years? To be honest, your son is brilliant. What do you aspire
to become in the future? What is your goal in life? My goal is to become a doctor. Please don't turn my son
into a busker like you. This scheme was then approved by
the Supreme Court and implemented. If the pursued education in school
is not eligible, why should I rely on schools? TAMIL NADU PASSES BILL
AGAINST NEET EXAMS For 5000 medical seats, two lakh students
appear for the entrance exam. So, two years ago,
all the graduated doctors... followed the syllabus implemented
by the state government. You can see the students are waiting here
to write the examination. I have performed 700 open-heart surgeries. I didn't take an aptitude test. In the last ten years, only a mere 390 students from
government schools bagged medical seats. Last year,
after the aptitude test was introduced... only seven students bagged medical seats. 8 TERRITORIES ACCEPTED NEET EXAMS In India,
the other states agreed to it. What's the problem with your state? TAMIL NADU MOVES SUPREME COURT,
SAYS NEET VIOLATES BASIC STRUCTURE Sir, the people of Tamil Nadu
brim with pride and self-respect. Do you believe you'll win this case? It's not a victory
for an individual alone. It's a collective win for all of us. It's our protest. -We want justice!
-We want justice! We want... A huge war is waging upon us. If people like us set out
to break traditions, the only weapon we can wield is... education! ANJAAMAI"
https://www.youtube.com/watch?v=Yg8uaZYMMEM,Barbie: The Pearl Princess,No,No captions available :()
https://www.youtube.com/watch?v=ErxK7uvFTWk,Kaise Maare Iss Zombie Ko,No,No captions available :()
https://www.youtube.com/watch?v=ibTOir5IELY,Welcome Home Roscoe Jenkins,No,No captions available :()
https://www.youtube.com/watch?v=uYWXvHI8Pvs,Barbie in The Pink Shoes,No,No captions available :()
https://www.youtube.com/watch?v=ZEb-khSLZB0,Due Date,No,No captions available :()
https://www.youtube.com/watch?v=ZgSMDh6cI1k,Lock,No,No captions available :()
https://www.youtube.com/watch?v=ULBiTCnYv6o,Brave,No,No captions available :()
https://www.youtube.com/watch?v=V6ZBbABV1oo,Bad Boys II,No,No captions available :()
https://www.youtube.com/watch?v=4uI8Ai2zdgA,The LEGO NINJAGO Movie,No,No captions available :()
https://www.youtube.com/watch?v=Yf8eCtEI3eA,Pride & Prejudice,No,No captions available :()
https://www.youtube.com/watch?v=SVLbrHm50oY,Ip Man 3,No,No captions available :()
https://www.youtube.com/watch?v=6PK4lwirRv4,No One Killed Jessica,No,No captions available :()
https://www.youtube.com/watch?v=2zMO8BYnl-U,Will You Marry Me?,No,No captions available :()
https://www.youtube.com/watch?v=HUY2zs-DQF0,Ee Adutha Kaalathu,No,No captions available :()
https://www.youtube.com/watch?v=m1ebnmDzERs,Delhi 6,No,No captions available :()
https://www.youtube.com/watch?v=he9VIed5dcI,"Crouching Tiger, Hidden Dragon",No,No captions available :()
https://www.youtube.com/watch?v=wklI5Ud7UBg,Jaanisaar,No,No captions available :()
https://www.youtube.com/watch?v=gT98BalpYsw,Kai Po Che,No,No captions available :()
https://www.youtube.com/watch?v=PXoJPzj18VE,Masters,No,No captions available :()
https://www.youtube.com/watch?v=jjHlsGlUVnY,Chance Pe Dance,No,No captions available :()
https://www.youtube.com/watch?v=m3-aeYwe35I,Mere Baap Pehle Aap,No,No captions available :()
https://www.youtube.com/watch?v=1qrAUbNV-DQ,Double Di Trouble,No,No captions available :()
https://www.youtube.com/watch?v=27MLIPr2Agg,Bombay March 12,No,No captions available :()
https://www.youtube.com/watch?v=DfYJyN4BkZY,The Hunger Games: Mockingjay - Part 2,No,No captions available :()
https://www.youtube.com/watch?v=XhuJD-oszqk,Killing Veerappan,No,No captions available :()
https://www.youtube.com/watch?v=BQe6pxutESA,The Secret Life of Walter Mitty,No,No captions available :()
https://www.youtube.com/watch?v=lbsodhlLs_A,Ithu Pathiramanal,No,No captions available :()
https://www.youtube.com/watch?v=KXxgqm1_trE,Saadey CM Saab,No,No captions available :()
https://www.youtube.com/watch?v=Bbij7od0PBw,Happy Durbar,No,No captions available :()
https://www.youtube.com/watch?v=VxOvaKNfnVg,Kaminey,No,No captions available :()
https://www.youtube.com/watch?v=Ef3fv0GdNj8,Cocktail,No,No captions available :()
https://www.youtube.com/watch?v=MfRZBywjoHI,Meet Joe Black,No,No captions available :()
https://www.youtube.com/watch?v=gA47OLLEwDo,Anaamika,No,No captions available :()
https://www.youtube.com/watch?v=cX5CRvcC9Z4,Teraa Surroor,No,No captions available :()
https://www.youtube.com/watch?v=V1fex88wkNk,Yakshiyum Njanum,No,No captions available :()
https://www.youtube.com/watch?v=FR5VP_9jL1U,Qaidi Band,Yes,"A majority of prisoners in every
Indian jail are Undertrials. Undertrials are prisoners waiting
for a verdict from court. This story is about such innocent
Undertrials. Come on! Who wants to bet? If Sanju catches the rat,
you get 1.5 If the rat gets away 2.5 Do you mind if I go first? My spot is yours,
if you have 200 bucks. Scams in the toilet also? Gotta do something for expenses? You have to pay up today, my hearing is coming up
in two weeks. My lawyer says I'm getting out
for sure this time. Undertrials aren't allowed
to earn money... Should I tell the warden
you are running a business? Bloody Thief! Catch her. Independence day is coming up... this 15th August we will organize
an entertaining program. For the first time we will make
male-female orchestra party. East or West, India is the best! Where have we arrived... Baby loves to groove on bass. C'mon everybody! Rufi's poetry will be the lyrics. Maskeen will play the organ. Ogu on percussion. Sanju and Bindu will sing a duet. Russian lady and Chinese madam
will be chorus. We will have a truly
international orchestra. We're going to rock these songs... Gain points for 'good conduct'... And get acquitted at our
next hearing! I am, I am, I am, I am, I'm India! I'm yours, and you're mine... O my India! I am, I am, I am, I am, I'm India! Just look at their energy and spirit! Who would think they're
inmates of a jail. The song sung by the prisoners
of the central jail has now become... ...the new anthem of patriotism
all over the country. These prison-band songs
are going to get me votes. Don't let them get out
before the election. Done Sir. Done. Stop Maskeen Singh! You're not going to court... But sir, it's my hearing today. Ya, it's been cancelled. Sir, please don't send me
back to jail. You have no idea what life
in a jail is like! I love you. Get lost! We're innocent... but we'll rot in this jail forever. It's time for us to fly away. What has happened to us,
can happen to you too... You should take care
of your freedom."
https://www.youtube.com/watch?v=B-t_6R0UemY,Nee Enge En Anbe,No,No captions available :()
https://www.youtube.com/watch?v=A7NErOvHxqM,Bhaag johnny,No,No captions available :()
https://www.youtube.com/watch?v=bKhr5EQmBCE,"I, Robot",No,No captions available :()
https://www.youtube.com/watch?v=Q82cJcSjZok,Ready,Yes,"Will you fix by just seeing one phot?
- How do I fix then? You should first see that girl directly. She should give a feel that is born just for you You should feel ready to take any risk for her. Baby! Say Om Namaste! Baby! Say Om Namaste
in the party time... Boy! Say Om Namaste! I will be your partner in
the pretty crime... Beat him up badly! Grandpa! Girls are laughing at me
sitting at the back bench. Will they not laugh when you are like a pig? The character I created phoned me
and asked me to book the guest house. It is called sub-conscious memory power. I am very confused.
Explain me clearly. Like Chandramukhi, Aparichithudu,
Ghajini, a McDowell Murthy! That is all? You make us fools coming to our place?
None would go alive from here. Ready, to rock your life
Get ready."
https://www.youtube.com/watch?v=NHeSofwUtdM,I am Kalam,No,No captions available :()
https://www.youtube.com/watch?v=e8VNLCl_ptA,Bhaiyya My Brother,No,No captions available :()
https://www.youtube.com/watch?v=oh7IvSMz4IY,Sweetiee Weds NRI,No,No captions available :()
https://www.youtube.com/watch?v=EpPFlhJ4EMg,Bangkok Summer,No,No captions available :()
https://www.youtube.com/watch?v=79RDJjUciIA,Sarkar Colony,No,No captions available :()
https://www.youtube.com/watch?v=TyvoDBTquKA,Guddu Rangeela,No,No captions available :()
https://www.youtube.com/watch?v=93NMGKCqUUU,Kanchu,Yes,"We must do all this
when we fall in love. It is a waste to fall in love
if we do not do all this things. Look mom, I will inform you
when I want to marry Till then, do not talk about it. I curse you that you will also fall
in love and feel for it. Hey Goutham, I love you! Why are you accusing me, madam? What madam, did I ogle you? She will not tell lie What? Should I be like you? You have taken away
pillion seat of your bike also. I have said whatever I want to say.
But you did not. Thought about you...
It is love poetry in my eyes. Do not say like that.
You are coming with us! I know very well that you will come here. Thus I bought the one you are 
searching for before itself Someone liking you may have taken 
and hid that When I am speaking important topic, 
why do you speak nonsense? Hey!        - What?
You have not said who is your lover. He is Arvind and the one 
I am going to marry It is bad to give heart and
to offer love is a sin I got to know the truth today, baby! Excuse me, I am Krishna. Sales executive 
with monthly 20, 000 salary. Oh no, he has started! I have a feeling that someone is 
following me secretly from a few days"
https://www.youtube.com/watch?v=Fvkwu9sDN0o,Raghavendra,Yes,"Raghavendra is not vegetarian, he is a weapon. If a women is in lodging and if my men are in jail
honor is lost. After honor is lost what is the use of life, why?
I like it. I like it
I had taken Calcutta pan, now watch. Rub your lips with mine 
Heart has slipped tracks on your song. While catching and playing with the hips in the game. I have a small doubt - What? 
What did I see in you and love? I like your style and your smile is my life. You are for me and happiness from now on. That girl was not killed by others, you killed her. From today on wards, we would think
that you were not born to us. Ok dad, I will be as you want from today
I would live like paralysed, though perfect. I would stop eating chilly and salt.
And start to live like a saint. Come Raghavendra, come! Raghavendra"
https://www.youtube.com/watch?v=xXM8FnOtSRg,Orphan,No,No captions available :()
https://www.youtube.com/watch?v=dSBtY9Ca2Eg,Ye Maaya Chesave,Yes,"It's me, I am Karthik I want to become a filmmaker father. That's when I saw her. Jessi. Don't melt my heart and go away. many came and showered beauty
but nothing happened to this heart. you came yesterday did some magic
and my heart blossomed. You are not following me right. Hey, if I punch on your face.... Leave me. It's not going to work. It's over. So many girls in this world,
but why did I love Jessi. Hello... Hellooo...
Hosannah...."
https://www.youtube.com/watch?v=hnRASCy1mXU,Seethamma Vakitlo Sirimalle Chettu,Yes,"The elder one does not bear any word I will be the same,
I will be just like what I am. Younger one does magic with words Lame people and a lame world,
one puff to get the courage. Look for a good match and
get her married No, I will not.
I will not marry at all. This is him about whom I said will
become the best son in law among all. Will he be six feet tall?
Will he walk seven feet with me? Would he give whatever I ask? What, your figure? If I slap, you will have a blast bloody! Seetha! Jasmine twig in the
courtyard of Seethamma... It is blooming with flowers... Pluck the flowers without
disturbing the branch... Deck Seethamma is tresses
with jasmine..."
https://www.youtube.com/watch?v=SY3cNY8cUD8,Dohchay,Yes,"Honesty is only useful to hear and read but not to survival. while they narrate the story they showed me 
Oscar, but later they showing me hell. Brother, Raghava killed Shekar and
ran away  with the bank robbery money. That Raghava's sister is studying
in a medical college. Is the girl pretty? Do you know him?
No. You want Nagarjuna to come
and save the  girl whom you are teasing It is just like the words are missing,  
sentences incomplete, hiding, not disclosing,  Fulfilling my thirst in the desert way,  
the words are falling down Not that I follow you and wish you
seeing on the road or Supermarket. Roaming here and there
to seek your attention. I am not that type,
changing trolley. Give me the trolley. What is Trivikram Doing?
Direction. Whom is he directing now?
Bunny. Whom is Puri directing now?
NTR. Suri? Ravi Teja.
If all them are busy, what about me."
https://www.youtube.com/watch?v=u7uLh5xcw3M,Crimson Tide,No,No captions available :()
https://www.youtube.com/watch?v=mMsC-Mt6bHU,Time Machine,No,No captions available :()
https://www.youtube.com/watch?v=fD9KKavtWJA,Theevram,No,No captions available :()
https://www.youtube.com/watch?v=YUK8YYSW9TM,Kushi,Yes,"If you go and meet him,
or he meets you I will kill him. Thats the reason I tell you not to keep any
commitments like love.  Look at me how happy I am. Love is not easy to conquer. Dont know what are the demands
and the magic of it. You must remember while flicking,
ash in the asktray. You must feel,
as if your flicking ash on me. With just a half-smile of your
boys go crazy. Do you know Jaya aunty,
do you know Lallu uncle. Your understanding right. They all are my background. If I keep non- voilence aside.
It will turn to voilence. Do you know who I am,
Guddumba Satti. You might be anyone, I dont care. Because I am Siddhu Siddhanth Roy."
https://www.youtube.com/watch?v=qLhHCzU159Y,Side Effects,No,No captions available :()
https://www.youtube.com/watch?v=sqv3miEcGZI,Pilla Rakshasi,No,No captions available :()
https://www.youtube.com/watch?v=K2nFNrfEBOI,The Head Hunter,No,No captions available :()
https://www.youtube.com/watch?v=v89QoKgrVyc,The Master,No,No captions available :()
https://www.youtube.com/watch?v=a5Dp9Qk5Xdc,Chaar Din Ki Chandni,No,No captions available :()
https://www.youtube.com/watch?v=G21W3wPJgX0,Vertigo,No,No captions available :()
https://www.youtube.com/watch?v=-ReBrMmG9iA,Dunkirk,No,No captions available :()
https://www.youtube.com/watch?v=DZ6gI2CJM4c,The Imitation Game,No,No captions available :()
https://www.youtube.com/watch?v=eIUFlfe9YzQ,Mohabbhath Mey,No,No captions available :()
https://www.youtube.com/watch?v=CIvK-4uEaS8,Despicable Me,No,No captions available :()
https://www.youtube.com/watch?v=CX-u2XsNXvE,Blood Diamond,No,No captions available :()
https://www.youtube.com/watch?v=5orJiK9GBSc,Mandela: Long Walk To Freedom,No,No captions available :()
https://www.youtube.com/watch?v=yYr8q0y5Jfg,Piku,No,No captions available :()
https://www.youtube.com/watch?v=5wuGTrtd8Wc,War Room,No,No captions available :()
https://www.youtube.com/watch?v=I9tti32VDyU,Tropic Thunder,No,No captions available :()
https://www.youtube.com/watch?v=oKJGhnYp2-8,The Bourne Ultimatum,No,No captions available :()
https://www.youtube.com/watch?v=3aMR3PA2_H8,Home,No,No captions available :()
https://www.youtube.com/watch?v=L62-of6m0K0,Despicable Me 2,No,No captions available :()
https://www.youtube.com/watch?v=r6f-uFwHPb8,Elysium,No,No captions available :()
https://www.youtube.com/watch?v=xuqmHVj98Dg,Aame Yevaru,No,No captions available :()
https://www.youtube.com/watch?v=2Qr4bjGRm54,The Matrix Revolutions,No,No captions available :()
https://www.youtube.com/watch?v=0LaWB3ZT5-8,Unstoppable,No,No captions available :()
https://www.youtube.com/watch?v=lGQ86FRK5Gk,American Sniper,No,No captions available :()
https://www.youtube.com/watch?v=-iVJFB2gZuE,Invictus,No,No captions available :()
https://www.youtube.com/watch?v=NLCYuL1CTUk,Mission: Impossible Ghost Protocol,No,No captions available :()
https://www.youtube.com/watch?v=Nq_li6xlD2o,Sully,No,No captions available :()
https://www.youtube.com/watch?v=yYr8q0y5Jfg,Piku,No,No captions available :()
https://www.youtube.com/watch?v=LaLcOcavqkg,Leap Year,No,No captions available :()
https://www.youtube.com/watch?v=0LaWB3ZT5-8,Unstoppable,No,No captions available :()
https://www.youtube.com/watch?v=AXc7lPzxD0M,The Thing,No,No captions available :()
https://www.youtube.com/watch?v=XhbJwZFgeVA,Spider-Man,No,No captions available :()
https://www.youtube.com/watch?v=yvx1VY4dIFs,Om Shanti Om,No,No captions available :()
https://www.youtube.com/watch?v=1aujZWkL8Xg,Storks,No,No captions available :()
https://www.youtube.com/watch?v=_ZwCVCaegWI,Goldeneye,No,No captions available :()
https://www.youtube.com/watch?v=sqv3miEcGZI,Pilla Rakshasi,No,No captions available :()
https://www.youtube.com/watch?v=fV8AknDk5S8,X-Men Origins: Wolverine,No,No captions available :()
https://www.youtube.com/watch?v=a9TQJHEdBgM,The Notebook,No,No captions available :()
https://www.youtube.com/watch?v=m3-aeYwe35I,Mere Baap Pehle Aap,No,No captions available :()
https://www.youtube.com/watch?v=MQ0YOiH_NGY,Jobs,No,No captions available :()
https://www.youtube.com/watch?v=7u2EYFqlMqc,The Lovely Bones,No,No captions available :()
https://www.youtube.com/watch?v=KXxgqm1_trE,Saadey CM Saab,No,No captions available :()
https://www.youtube.com/watch?v=jhfvXSz0mH8,The Patriot,No,No captions available :()
https://www.youtube.com/watch?v=XzWvCVQ3pUQ,Tomorrow Never Dies,No,No captions available :()
https://www.youtube.com/watch?v=6lZoAVyv5pM,Fury,No,No captions available :()
https://www.youtube.com/watch?v=mSfo1wwAPbw,The Vow (2012),No,No captions available :()
https://www.youtube.com/watch?v=35aLmO1Ixbs,Sherlock Holmes,No,No captions available :()
https://www.youtube.com/watch?v=-iVJFB2gZuE,Invictus,No,No captions available :()
https://www.youtube.com/watch?v=lGQ86FRK5Gk,American Sniper,No,No captions available :()
https://www.youtube.com/watch?v=oKJGhnYp2-8,The Bourne Ultimatum,No,No captions available :()
https://www.youtube.com/watch?v=93YVRWQcQh8,Captain America: The First Avenger,No,No captions available :()
https://www.youtube.com/watch?v=etnxdfMwthY,Jack Reacher,No,No captions available :()
https://www.youtube.com/watch?v=hGU5n9P4gM8,Budhia Singh: Born to Run,No,No captions available :()
https://www.youtube.com/watch?v=ITr_iM5OT2E,The Boss Baby,No,No captions available :()
https://www.youtube.com/watch?v=97HgKGojFbw,Mean Girls,No,No captions available :()
https://www.youtube.com/watch?v=-KVeFSEQ1iA,London Paris New York,No,No captions available :()
https://www.youtube.com/watch?v=1qrAUbNV-DQ,Double Di Trouble,No,No captions available :()
https://www.youtube.com/watch?v=89CY-YpPD-k,Spider-Man: Homecoming,No,No captions available :()
https://www.youtube.com/watch?v=iPcDWVxYW3w,The Martian,No,No captions available :()
https://www.youtube.com/watch?v=n0fRSnKZqGc,Spider-Man 2,No,No captions available :()
https://www.youtube.com/watch?v=_k8whpgmsss,Men In Black II,No,No captions available :()
https://www.youtube.com/watch?v=zfyKm-5XKOg,Exodus: Gods and Kings,No,No captions available :()
https://www.youtube.com/watch?v=5wuGTrtd8Wc,War Room,No,No captions available :()
https://www.youtube.com/watch?v=FP-k8L6kMkA,The Theory of Everything,No,No captions available :()
https://www.youtube.com/watch?v=w3KtCotO1pk,Tangled,No,No captions available :()
https://www.youtube.com/watch?v=-JtO4PEytsU,Vertical Limit,No,No captions available :()
https://www.youtube.com/watch?v=YSN4jE2gk7c,Cinderella (2015),No,No captions available :()
https://www.youtube.com/watch?v=JvtrqbB4ufc,Pacific Rim (2013),No,No captions available :()
https://www.youtube.com/watch?v=FHOdxan1BQk,Baby Driver,No,No captions available :()
https://www.youtube.com/watch?v=Ovnx0LOT930,Salt,No,No captions available :()
https://www.youtube.com/watch?v=yGDBxWQWt_Y,Spider-Man 3,No,No captions available :()
https://www.youtube.com/watch?v=YiFTxJY2p90,Kabhi Alvida Naa Kehna,No,No captions available :()
https://www.youtube.com/watch?v=1fhJD4eLWBU,Wall Street: Money Never Sleeps,No,No captions available :()
https://www.youtube.com/watch?v=lfLe5NHPZko,Independence Day: Resurgence,No,No captions available :()
https://www.youtube.com/watch?v=SuXM1I1McLM,Transformers: Revenge of the Fallen,No,No captions available :()
https://www.youtube.com/watch?v=o12ezPQhOYA,Chittagong,No,No captions available :()
https://www.youtube.com/watch?v=iTEhzo8NiCY,August : Osage County,No,No captions available :()
https://www.youtube.com/watch?v=YiFTxJY2p90,Kabhi Alvida Naa Kehna,No,No captions available :()
https://www.youtube.com/watch?v=89CY-YpPD-k,Spider-Man: Homecoming,No,No captions available :()
https://www.youtube.com/watch?v=1aujZWkL8Xg,Storks,No,No captions available :()
https://www.youtube.com/watch?v=w3KtCotO1pk,Tangled,No,No captions available :()
https://www.youtube.com/watch?v=FP-k8L6kMkA,The Theory of Everything,No,No captions available :()
https://www.youtube.com/watch?v=y75p0Ocxg0A,The Revenant,No,No captions available :()
https://www.youtube.com/watch?v=Q5j384wLQHE,Sinister 2,No,No captions available :()
https://www.youtube.com/watch?v=zfyKm-5XKOg,Exodus: Gods and Kings,No,No captions available :()
https://www.youtube.com/watch?v=6lZoAVyv5pM,Fury,No,No captions available :()
https://www.youtube.com/watch?v=GUrVsa0EJPg,The Equalizer,No,No captions available :()
https://www.youtube.com/watch?v=Ovnx0LOT930,Salt,No,No captions available :()
https://www.youtube.com/watch?v=rNrVkp4bJ4w,Lights Out (2016),No,No captions available :()
https://www.youtube.com/watch?v=1fhJD4eLWBU,Wall Street: Money Never Sleeps,No,No captions available :()
https://www.youtube.com/watch?v=XhbJwZFgeVA,Spider-Man,No,No captions available :()
https://www.youtube.com/watch?v=iPcDWVxYW3w,The Martian,No,No captions available :()
https://www.youtube.com/watch?v=97HgKGojFbw,Mean Girls,No,No captions available :()
https://www.youtube.com/watch?v=YNhRXaXwzac,War Dogs (2016),No,No captions available :()
https://www.youtube.com/watch?v=NlghbRZeNzg,Mechanic: Resurrection,No,No captions available :()
https://www.youtube.com/watch?v=7rmj379omlU,Everest,No,No captions available :()
https://www.youtube.com/watch?v=lfLe5NHPZko,Independence Day: Resurgence,No,No captions available :()
https://www.youtube.com/watch?v=uSjb0ix8ESY,Man of Steel,No,No captions available :()
https://www.youtube.com/watch?v=Mii6TZXPrbQ,A Wednesday,No,No captions available :()
https://www.youtube.com/watch?v=YU9uIx2qhUs,Me Before You,No,No captions available :()
https://www.youtube.com/watch?v=-KVeFSEQ1iA,London Paris New York,No,No captions available :()
https://www.youtube.com/watch?v=C0akn-xvcX8,Dear Zindagi,No,No captions available :()
https://www.youtube.com/watch?v=3aKGEH2PjYg,Troy,No,No captions available :()
https://www.youtube.com/watch?v=S4er6xOjXp8,Once Upon Ay Time in Mumbaai Dobaara,No,No captions available :()
https://www.youtube.com/watch?v=dhmJpDq-5mk,The Forest,No,No captions available :()
https://www.youtube.com/watch?v=4EezU-E1HL8,Don't Breathe,No,No captions available :()
https://www.youtube.com/watch?v=4rkkcMYrz1M,2012,No,No captions available :()
https://www.youtube.com/watch?v=mtlVF8x4dgs,Taken 2,No,No captions available :()
https://www.youtube.com/watch?v=MlA8HENKuVM,The Lucky One,No,No captions available :()
https://www.youtube.com/watch?v=-JtO4PEytsU,Vertical Limit,No,No captions available :()
https://www.youtube.com/watch?v=ZIsZF_da2VU,Wild Tales,No,No captions available :()
https://www.youtube.com/watch?v=2OgpNq1wqaE,The Dark Tower,No,No captions available :()
https://www.youtube.com/watch?v=ITr_iM5OT2E,The Boss Baby,No,No captions available :()
https://www.youtube.com/watch?v=35aLmO1Ixbs,Sherlock Holmes,No,No captions available :()
https://www.youtube.com/watch?v=AOdDDtVjGpU,Madras Cafe,No,No captions available :()
https://www.youtube.com/watch?v=RXoKhzmrmLQ,Fast & Furious 8,No,No captions available :()
https://www.youtube.com/watch?v=NIOc8Ygk-oI,Chloe,No,No captions available :()
https://www.youtube.com/watch?v=93YVRWQcQh8,Captain America: The First Avenger,No,No captions available :()
https://www.youtube.com/watch?v=u9BR7pTigSU,The Amazing Spider-Man,No,No captions available :()
https://www.youtube.com/watch?v=f94hn5kF-Ok,Underworld Evolution,No,No captions available :()
https://www.youtube.com/watch?v=ePRNBmz-jP4,Azhar,No,No captions available :()
https://www.youtube.com/watch?v=r0B4ZVF5J-M,Despicable Me 3,No,No captions available :()
https://www.youtube.com/watch?v=7v07PLlIPgo,Swades,No,No captions available :()
https://www.youtube.com/watch?v=ULT18fbq840,Fast And Furious 7 (Hindi dubbed),No,No captions available :()
https://www.youtube.com/watch?v=fTc5JEDGpS0,Annabelle,No,No captions available :()
https://www.youtube.com/watch?v=tXyUd_YMssg,Haani,No,No captions available :()
https://www.youtube.com/watch?v=YSN4jE2gk7c,Cinderella (2015),No,No captions available :()
https://www.youtube.com/watch?v=vdkx5sUmZcw,Captain America: The Winter Soldier,No,No captions available :()
https://www.youtube.com/watch?v=tPvCMQW38VU,Forgetting Sarah Marshall Theatrical,No,No captions available :()
https://www.youtube.com/watch?v=dZdW7sQT3Pg,Oh My God (OMG),No,No captions available :()
https://www.youtube.com/watch?v=N2u4u4KWOOU,Alien: Covenant,No,No captions available :()
https://www.youtube.com/watch?v=-VVgWUWM2z4,Honeymoon Travels Pvt.Ltd.,No,No captions available :()
https://www.youtube.com/watch?v=yGDBxWQWt_Y,Spider-Man 3,No,No captions available :()
https://www.youtube.com/watch?v=IbwjDTOvwG8,Dilwale Dulhania Le Jayenge,No,No captions available :()
https://www.youtube.com/watch?v=4onk40bwKbo,Dharam Sankat Mein,No,No captions available :()
https://www.youtube.com/watch?v=OKmKh1wddEk,Manjhi: The Mountain Man,No,No captions available :()
https://www.youtube.com/watch?v=RYgi7TZpkjg,Baahubali: The Beginning (Tamil),No,No captions available :()
https://www.youtube.com/watch?v=4ftJ-jLp3Yo,The Conjuring 2,No,No captions available :()
https://www.youtube.com/watch?v=n0fRSnKZqGc,Spider-Man 2,No,No captions available :()
https://www.youtube.com/watch?v=4EkVrodb_GE,Buddha in a Traffic Jam,No,No captions available :()
https://www.youtube.com/watch?v=_k8whpgmsss,Men In Black II,No,No captions available :()
https://www.youtube.com/watch?v=i_vMTBFQ87M,How To Be Single,No,No captions available :()
https://www.youtube.com/watch?v=HA_tss03GOs,Baahubali: The Beginning,No,No captions available :()
https://www.youtube.com/watch?v=GQGJkBeFTT0,The Time Traveler's Wife,No,No captions available :()
https://www.youtube.com/watch?v=LSQUWPC_97A,Chandni,Yes,"My name is Chandni ""I am wearing nine bangles"" ""Beloved, wait. I am helpless"" The heart beats. Footsteps dance into
a rhythm and melody blooms ""I won't listen so soon"" ""Take back the palanquin"" ""I won't go for a year or two"" ""Take back the palanquin"" Have your ever fallen in love? No. Then fall in love once I have fallen in love...
and he's crazy and passionate ""Beloved"" ""Amongst the many famous cities,
I'd heard the name of Delhi city"" ""In this Delhi city, I met a girl
called Chandni"" ""In her alluring eyes,
my heart drowned"" You never know, at what point,
who comes into your life I don't know anything
about your life Have you ever heard the music
of the rain fall? ""The dark clouds collided
with the mountains"" ""The water is smouldered"" ""The dark clouds collided
with the mountains"" ""The water is smouldered"" ""It's smouldering"" Love is a gust of wind...
which takes away everything You are a different person in office... ...and a different one at home Chandni, one form is for the world... ...and the other is for oneself When your desires take the form
of words, time stands still ""I will keep my desires
in your heart"" ""Come, my life.
I will give you my life"" Have you ever heard
someone's heartbeats? ""It's the monsoon season again"" ""My heart is suffering again!"" ""It's the monsoon season again"" Have you ever seen the dew
falling on the flowers?  ""There are sweet songs on
your lips and mine, beloved"" ""I walk ahead and love
follows me, beloved"" Have you ever seen two sides of love? ""You tell me,
I will tell you my love story!"" ""Who is she? How does your
dream girl look like?"" When someone is in love,
there's just one tune... ...one sound and one name
on their lips ""Chandni!"" ""O my Chandni!"" ""With the colourful ambience"" ""With the kohl of your eyes"" ""I have written your name
on my heart"" ""Chandni!"" ""O my Chandni!"""
https://www.youtube.com/watch?v=2izSzktgYpo,Detective Byomkesh Bakshy,No,No captions available :()
https://www.youtube.com/watch?v=KC-0PouS88Y,Now You See Me 2,No,No captions available :()
https://www.youtube.com/watch?v=3rs12sjX1as,Raees,No,No captions available :()
https://www.youtube.com/watch?v=JvtrqbB4ufc,Pacific Rim (2013),No,No captions available :()
https://www.youtube.com/watch?v=GzBMQihulz4,Paheli,No,No captions available :()
https://www.youtube.com/watch?v=ymPgxj_ZJ0Q,The Legend Of Hercules,No,No captions available :()
https://www.youtube.com/watch?v=wHIHgl-2GcU,ट्रान्सफॉर्मर्स - आखिरी योद्धा,No,No captions available :()
https://www.youtube.com/watch?v=0VpUuqzibUk,Hotel Transylvania,No,No captions available :()
https://www.youtube.com/watch?v=ktgMLYQYpy8,Rango,No,No captions available :()
https://www.youtube.com/watch?v=d1Hi6bABaA4,Luck by Chance,No,No captions available :()
https://www.youtube.com/watch?v=dmbUYu1qOuk,Kuch Kuch Hota Hai,No,No captions available :()
https://www.youtube.com/watch?v=nfJh-9B76Ys,New York,No,No captions available :()
https://www.youtube.com/watch?v=S-ggr5Uf4pQ,Men In Black 3,No,No captions available :()
https://www.youtube.com/watch?v=CMiakCX9Vy4,The Wolverine,No,No captions available :()
https://www.youtube.com/watch?v=Ocu35D_h1EE,Rang De Basanti,No,No captions available :()
https://www.youtube.com/watch?v=cjNO5QiNPk8,The Social Network,No,No captions available :()
https://www.youtube.com/watch?v=QcoL-kU1I1Y,Transformers: Age of Extinction,No,No captions available :()
https://www.youtube.com/watch?v=ttus22CLSb4,Stuart Little 2,No,No captions available :()
https://www.youtube.com/watch?v=q2X9YPT7LMI,Stuart Little,No,No captions available :()
https://www.youtube.com/watch?v=Sc0Kr9JEVXs,Tanu Weds Manu,No,No captions available :()
https://www.youtube.com/watch?v=IXQvtz4CdB8,Aiyyaa,No,No captions available :()
https://www.youtube.com/watch?v=NJZTCJKGyx4,Aashiqui 2,No,No captions available :()
https://www.youtube.com/watch?v=eph_BM0g8zw,Mary Kom,No,No captions available :()
https://www.youtube.com/watch?v=WVjutHfxtDo,Mohabbatein,No,No captions available :()
https://www.youtube.com/watch?v=y9fAPTSN45c,City of God,No,No captions available :()
https://www.youtube.com/watch?v=jAwgpDemm_I,Motor Mitraan Di,No,No captions available :()
https://www.youtube.com/watch?v=swFgC1jWVfk,Raavan,No,No captions available :()
https://www.youtube.com/watch?v=uDD941PR_08,Judge Singh LLB,No,No captions available :()
https://www.youtube.com/watch?v=gG5rRhPgoRU,Happy New Year,No,No captions available :()
https://www.youtube.com/watch?v=vSaD36MRxBw,Pyaar Ka Punchnama,No,No captions available :()
https://www.youtube.com/watch?v=FybioscjEMw,Darr,No,No captions available :()
https://www.youtube.com/watch?v=VOvkkzGbCDk,Himmatwala,No,No captions available :()
https://www.youtube.com/watch?v=VOvkkzGbCDk,Himmatwala,No,No captions available :()
https://www.youtube.com/watch?v=wouIXHFKZy4,Meri Pyaari Bindu,Yes,"What is love story? Boy meets girl, they
lived happily ever after. But this was my love story. I have to get some notes
from Prakash. - Where to?
- I'll be back. This 'two-phone rings' girl will
trap him. Two rings means an emergency.
You know, right? Bindu, whatever it is,
it's a no. You know, I don't like dogs. - We'll call him Devdas.
- We? Can we keep Devdas? What do I tell Maa? Instead of notes,
I came back with a dog? Come on! Bindu... In one word - she was ""trouble."" She always managed to make me
do wild and crazy things. Hi! I can't believe you seriously
did that. Your youth... ...my youth... We were like Gabbar and Sambha.
Munna and Circuit, Guruji and Bhola. I must tell her what I feel
about her. She already knows. Everybody knows, even people
who don't know you, know. I have seen the face
of the moon. I have seen a sky full of stars. But I have seen
no one quite like you. So I found a way to bribe life... ...and stumbled from friendship
into love. No one can stop me
from falling in love. Happy birthday! Get out of here. My heart is lost to me. Bindu's old habit. She left everything half-way. A film. A book. A hobby. God had given me so many signs. But I was too obsessed by Bindu
to ever notice. ""My sweet Bindu."" Many teach you how to love... ...alas no one teaches you
how to forget that love."
https://www.youtube.com/watch?v=s08YBEKyf9Y,Happy Go Lucky,No,No captions available :()
https://www.youtube.com/watch?v=zjW5Iw4Zy0Y,Sultan,Yes,"Electrifying atmosphere in the stadium All eyes waiting for one man (CROWD CHEERING) Sultan goes for the kill And down goes Sangwan! (REFEREE WHISTLING) Local champion Bagga faces
the lioness of Buroli Aarfa! What a girl! Like doctors marry doctors Engineers marry engineers Only a wrestler completes
another wrestler! This is the girl I'll marry My name is Sultan Ali Khan...
full Fashion TV English is beyond you...
stop faking it I believe English is a ticket
to a woman's heart A simple 'I love you' ...lands you a kiss! Baby loves to groove What's your goal in life? My dream is to win an Olympic medal
for India in wrestling A gold medal! Sultan... wait I'm happy you're chasing
your dream But I'm scared you will run
so far ahead That you will leave us behind (SLAPPING) (STONE BREAKING) The wrestling that made me... broke me (DOOR OPENING) (CYCLE BELL TRING) I believe your story Sultan...
you belong in that ring He still fights? Where did you find him Aakash? It's a young man's sport Aakash
and he's out of shape All you found is a 40-something
worn out wrestler? He's an Olympic gold medallist He was a world-wrestling champion That was ages ago Show me what you got He's down and out I don't train dead people (BODY SLAMMING) I gave up wrestling But I never gave up fighting (ENGINE WHISTLE) Rise to the sky Scale the oceans And sing out loud You are the son of this soil Between the realms of
heaven and earth Lingers your magnificent soul O Sultan (BRICKS CRASHING) A true wrestler is made
outside the ring In the game of life When it throws you down You rise again...
against all odds And face it one more time"
https://www.youtube.com/watch?v=yHqhJ1rIfus,Rangoon,No,No captions available :()
https://www.youtube.com/watch?v=94fuzZXsf3Y,Ae Dil Hai Mushkil,No,No captions available :()
https://www.youtube.com/watch?v=FenVeYbNrDc,Te3n,No,No captions available :()
https://www.youtube.com/watch?v=2iBSsKB9_GQ,Dilwale,No,No captions available :()
https://www.youtube.com/watch?v=FeK4qlewdpQ,Kabhi Khushi Kabhie Gham,No,No captions available :()
https://www.youtube.com/watch?v=M9AAcSapC-w,Walk Of Shame,No,No captions available :()
https://www.youtube.com/watch?v=VTAWi0El5E0,Dil Chahta Hai,No,No captions available :()
https://www.youtube.com/watch?v=Dvb2O0Dq4nM,Bus Conductor,No,No captions available :()
https://www.youtube.com/watch?v=xqL1lR5yhhA,Singham,No,No captions available :()
https://www.youtube.com/watch?v=9N-WnXhGpAQ,Aaja Nachle,No,No captions available :()
https://www.youtube.com/watch?v=zBEnAnLLifQ,Yaariyan,No,No captions available :()
https://www.youtube.com/watch?v=9Y2E_0zyXyE,Neerja,No,No captions available :()
https://www.youtube.com/watch?v=yncBVLhkE98,Yeh Jawaani Hai Deewani,No,No captions available :()
https://www.youtube.com/watch?v=GGzSId0_qJc,Bhool Bhulaiyaa,No,No captions available :()
https://www.youtube.com/watch?v=Mf2zGGSLJQ8,Vijay,No,No captions available :()
https://www.youtube.com/watch?v=8URKgwE1VMM,Kabul Express,No,No captions available :()
https://www.youtube.com/watch?v=-MfKN_X8O9k,Bombay,Yes,"Since I saw you, I am blindly in love I got to say you onething and
not knowing how to say that Saila Bhanu! I would leave evrything for you,
will you come with me? My dear, please come and be mine
- My dear, I came as yours forever I am wishing to marry your
daughter Saila Bhanu If your daughter comes to my son,
I will have to do a murder Your marriage is in the next 10 days
with the boy I have selected Hey lotus from the mosque!
I saw your feet Slowly as the silk saree dropped,
I saw the rest Tell that he will not get one This babe will not come and will
not give a girl child BOMBAY"
https://www.youtube.com/watch?v=xT6xkOkk9Gw,Dil Vil Pyaar Vyaar,No,No captions available :()
https://www.youtube.com/watch?v=7gT-4tuXbRA,Khakee,No,No captions available :()
https://www.youtube.com/watch?v=p_yXae3j4HA,Faraar,No,No captions available :()
https://www.youtube.com/watch?v=s6EXrinPiXI,Kannathil Muthamittal,Yes,"Do you like the groom, your
brother chose for you? I do not want kids.
- Why? My name is T Amudha.
- Is this what you do in dictation? Beautiful! Twin plaited beauty! Happy birthday to my Amudha baby. I know, I am 9 now and should
behave responsible Should not talk back with teacher,
no retart when mom is angry And should not hide maths marks You are not our daughter What happened to Amudha?
- We said to her, dad. You are God given flower
What are your eyes looking for? Amuda! Is Amudha sister here?
- No dear. You should not have said If this comes in your next story,
we both will kill you. How did you read my mind? We adopted her daughter and
she wants to see her mother now We found your mother You are God given flower
What are your eyes looking for? Kannathil Muthamittal
(A Peck on the Cheek)"
https://www.youtube.com/watch?v=80SnPnZkNTI,Ekk Deewana Tha,No,No captions available :()
https://www.youtube.com/watch?v=PAWpsyW9Hkk,Lion,No,No captions available :()
https://www.youtube.com/watch?v=-4p07AauEWk,Blood Money,No,No captions available :()
https://www.youtube.com/watch?v=lREzXeH4PTc,Pyaar Ka Punchnama 2,No,No captions available :()
https://www.youtube.com/watch?v=5V9eGkGLBKo,Bajirao Mastani,No,No captions available :()
https://www.youtube.com/watch?v=-KCRrU6cTJU,Shuddh Desi Romance,No,No captions available :()
https://www.youtube.com/watch?v=f6SxK88jNEU,Dil Se,No,No captions available :()
https://www.youtube.com/watch?v=f0MtWVRKk4Q,Adventures of Omanakuttan,No,No captions available :()
https://www.youtube.com/watch?v=RxNr2SrQv1Y,Salaam Namaste,No,No captions available :()
https://www.youtube.com/watch?v=uBDZZ--86lU,Jatts In Golmaal,No,No captions available :()
https://www.youtube.com/watch?v=1FccMHcIzwY,Mirch,No,No captions available :()
https://www.youtube.com/watch?v=3jZEn0krL5A,M.S. Dhoni: The Untold Story,No,No captions available :()
https://www.youtube.com/watch?v=MebWf6V9MI4,Uyire,No,No captions available :()
https://www.youtube.com/watch?v=6BIMbAz9Tyc,Collector,No,No captions available :()
https://www.youtube.com/watch?v=8cLShJJ0DME,Visaaranai,No,No captions available :()
https://www.youtube.com/watch?v=ynokjzrlBuQ,Don,No,No captions available :()
https://www.youtube.com/watch?v=xea6X0VkOL0,Force,No,No captions available :()
https://www.youtube.com/watch?v=WBxbee-yxQo,Jatt James Bond,No,No captions available :()
https://www.youtube.com/watch?v=u4ziFkeyQpM,Force 2,No,No captions available :()
https://www.youtube.com/watch?v=36cHW8PE560,Happy Husbands,No,No captions available :()
https://www.youtube.com/watch?v=0NHu6Adkjbo,The Jungle Book (2016),No,No captions available :()
https://www.youtube.com/watch?v=7cc2EyNT7BQ,Marykkundoru Kunjaadu,No,No captions available :()
https://www.youtube.com/watch?v=VJU0VIlHBsw,Final Round,No,No captions available :()
https://www.youtube.com/watch?v=nigbLZVEngE,Gaane Ki Aane,No,No captions available :()
https://www.youtube.com/watch?v=F7FhWuO3xo4,Brothers,No,No captions available :()
https://www.youtube.com/watch?v=gya7Powe5p8,Hasee Toh Phasee,No,No captions available :()
https://www.youtube.com/watch?v=Kn5zqRbslqI,Sahasam Swasaga Sagipo,No,No captions available :()
https://www.youtube.com/watch?v=L0T5YX9WHME,Venicile Vyapari,No,No captions available :()
https://www.youtube.com/watch?v=BT2Y3oYKQlQ,Ghayal Once Again,No,No captions available :()
https://www.youtube.com/watch?v=902HoCO-298,Chandramukhi,No,No captions available :()
https://www.youtube.com/watch?v=zO2XbgFne9k,Mallu Singh,No,No captions available :()
https://www.youtube.com/watch?v=2Prd_PtVfu8,Thappana,No,No captions available :()
https://www.youtube.com/watch?v=d5EIqk4I_1o,Shaandaar,No,No captions available :()
https://www.youtube.com/watch?v=srbsIxklIz8,Tum Bin 2,No,No captions available :()
https://www.youtube.com/watch?v=ka6a80doMpo,OK Jaanu,No,No captions available :()
https://www.youtube.com/watch?v=W4R00hnEXHg,Salaam Kashmir,No,No captions available :()
https://www.youtube.com/watch?v=SqLNDxbh1sM,Captain America: Civil War,No,No captions available :()
https://www.youtube.com/watch?v=27YugsH1WPM,Christian Brothers,No,No captions available :()
https://www.youtube.com/watch?v=FGMH4Xh_DF8,Jhoom Barabar Jhoom,No,No captions available :()
https://www.youtube.com/watch?v=g464Dt1v3Wo,Priyamaana Thozhi,No,No captions available :()
https://www.youtube.com/watch?v=XrmbxaZmEb4,Snegithiye,No,No captions available :()
https://www.youtube.com/watch?v=b-XZtmVhN4U,Eecha,No,No captions available :()
https://www.youtube.com/watch?v=yL-h9VegAlA,Bhoothnath Returns,No,No captions available :()
https://www.youtube.com/watch?v=1gVtfDxXDSg,Creature,No,No captions available :()
https://www.youtube.com/watch?v=CsXfpgSoT2k,Badrinath Ki Dulhania,No,No captions available :()
https://www.youtube.com/watch?v=5cA_O5JkjWk,Annayum Rasoolum,No,No captions available :()
https://www.youtube.com/watch?v=IeE-9jUEaio,Three,Yes,"Dad, I got to marry a girl Who is that girl, son? I will not wat, chase or follow
wherever you go, but, give me your phone number and go Tell me I love you,
I will not let you go My love is true forever
make sure you never leave free You mean to say I am mental? Oh no! Oh God! You are not talking to me,
not even smiling at me Ram! Excuse me, may I help?
Thank you I am in love with a girl You know what? - What?
She too is on love with me. Why this kolaveri, kolaveri, kolaveri di all my mistake, it is all my mistake!
Come on Ram, do not cry please! Janani!"
https://www.youtube.com/watch?v=OEzRr_L4kYc,Puthiya Mukham,No,No captions available :()
https://www.youtube.com/watch?v=DJ3A47PGdhc,Hero,No,No captions available :()
https://www.youtube.com/watch?v=U_u8MzNZ7TA,Doctor Strange (2016),No,No captions available :()
https://www.youtube.com/watch?v=7yKouVc8BUI,Proprietors Kammath & Kammath,No,No captions available :()
https://www.youtube.com/watch?v=9SWtJ87RrhE,Gabbar is Back,No,No captions available :()
https://www.youtube.com/watch?v=CsCNuZDd3xY,Shaitan,No,No captions available :()
https://www.youtube.com/watch?v=wdYkXct5MU4,Friends,No,No captions available :()
https://www.youtube.com/watch?v=32oOlaENKfU,Neelakasham Pachakadal Chuvanna Bhoomi,No,No captions available :()
https://www.youtube.com/watch?v=jTkRzN7ggME,Neram,No,No captions available :()
https://www.youtube.com/watch?v=tcq5zSF2AgI,Bujjigadu,Yes,"20 members are around! So? Aren't you scared? What does that mean? What are you doing? Its not your's right! I'll see through it. What are you doing? What were you trying to do? You look like a volvo bus. Did you see me? Want to see my chassis number? May I show it to you? I'm the latest model. Isuzu engine! More horsepower! I'll pay you Rs.1 crore. Will you kill. Killing someone for money is wrong.  But you said Rs.1 crore. Its tempting. We'll miss the first half. I wont let even the titles to fall. I don't Know about you,
but she's not ordinary to me. Their are two Rajinikanth 
how did you get into the bus?"
https://www.youtube.com/watch?v=mSIRvGymtHU,Seniors,No,No captions available :()
https://www.youtube.com/watch?v=CgQTR_zzhAI,Student of the Year,No,No captions available :()
https://www.youtube.com/watch?v=wU9k5jlblls,Janatha Garage,No,No captions available :()
https://www.youtube.com/watch?v=S4xqBumaPng,Satya 2,No,No captions available :()
https://www.youtube.com/watch?v=oSo6ZwrUAWg,Rudramadevi,No,No captions available :()
https://www.youtube.com/watch?v=yEVuK1jYeUo,Avengers: Age of Ultron,No,No captions available :()
https://www.youtube.com/watch?v=06ZrEgak5ig,Ready,No,No captions available :()
https://www.youtube.com/watch?v=_9ihzdv200U,Ajab Prem Ki Ghazab Kahani,No,No captions available :()
https://www.youtube.com/watch?v=aKzsXx3LcgU,Srimanthudu,Yes,"Wanted a best college and
you went somewhere else. You wanted to go abroad and I
thought was to explore the world. Then you said no to business,
not happened. Let me do what I want and
earn some respect O Rama Rama Rama Rama
Rama Rama Rama Rama Like the Rama’s army,
let us all be one and united! Maybe I look that way,
but I will bore you. We as a family don't understand him,
how can the girl...?  They have come together, these two
different worlds have come together, They have come together, when two
different footprints converge in a pair. Even before they reach,
stop the bus and kill them. He said for every nuisance that he does,
he has a bad father to save him. To save my family, there is 
a bad son like me too. Bad doesn't mean bad like you.
That is a different type Every time you do this,
don't you get slightly bored? You have taken a lot
from the village. Return it otherwise
you will turn obese. Right, right! Srimanthudu
(The wealthy man)"
https://www.youtube.com/watch?v=FJ34XrBr_6I,Mallanna,Yes,"Here is the girl from India. Hey, eyes of Charlie is singing. I am a shining kind and 
flutter like a flamingo. Robbing from rich and giving away 
to the poor is not wrong. Suit case. Should start fear, until fear lasts. Who is responsible for this? MALLANNA - Mallanna Go man 
Hey excuse me Mr Mallanna. We will have one coffee, come on Is it hot or cold, you touch and see. Go woman."
https://www.youtube.com/watch?v=aw7fKB_8xWs,Speedunnodu,No,No captions available :()
https://www.youtube.com/watch?v=db_2mujPXjk,Race Gurram,Yes,"""Let me show you a movie."" Are you talking Profanity? Father do you think I talk Profanity? Dont give much respect. Why did you throw him like that? Do you want to see my brother getting spoil? Lucky's brother cannot be like that. How he has to be? He has to be like me. He'll be of no use then! Whats in it? Current. Where? With in it. Show me. Oh my God! Sweety listen to me. Sweety move from the track. Sweety yell at me. Change your life style. Change your batch! He doesn't need Shiva Reddy's anymore. Come towards the house. Sir what are you doing? We got an order to collapse this building. He has to be beaten by power Shiva Reddy. Your reason will not correct your mistake. You have killed a aspiration of
a sincere police officer. Dont start the race by
knowing each other. I'm not the runner of the race
I'm the winning horse. Its just a matter of four bullets. Extra luggage. Oh my God! ""Thrilling operation."" ""Its a voilent action."" ""Its a mind blowing action."" ""Its Winning horse."" You have to trust few buddy."
https://www.youtube.com/watch?v=k0cLkLdZRww,Kaththi,No,No captions available :()
https://www.youtube.com/watch?v=xX0Gzqr8jow,Goa Girls,No,No captions available :()
https://www.youtube.com/watch?v=wzGUZwIjUTE,Rakhee,Yes,"Like poison... Move up and up... Can I be yours? Why dear? You sit there.
I will do it, dear. Increase TRP, Ads.
Attract sponsors. But who do they have? Do they have to be sacrificed? Rakhi! Will you come wherever I ask you to come? Will you give wherever I ask you to give? They do not know to do
any of household chores. That is it... She kicked me again! Rakhi, you are my Kawasaki... You are my target Hey, Andhra beauty... You are going to fall
into my arms Brother protects his
sister as long as she is alive. With different flames in eyes, heart,
hands and breath Tell me, who killed him?
- Rakhi! Your interview of Rakhi
raised the status of my channel. Tell me the reason behind
the surrender. Let me see who dares to kill me."
https://www.youtube.com/watch?v=hh68DpcWtvA,The Words,No,No captions available :()
https://www.youtube.com/watch?v=DwnaiIY0DsI,Ragini MMS-2,No,No captions available :()
https://www.youtube.com/watch?v=H_g3PZcps0A,Jennifer's Body,No,No captions available :()
https://www.youtube.com/watch?v=mAPbxRFeb64,The Transporter Refueled,No,No captions available :()
https://www.youtube.com/watch?v=1uhWOm1GWw0,Ayal,No,No captions available :()
https://www.youtube.com/watch?v=j620aYsx5Qw,Friends With Benefits,No,No captions available :()
https://www.youtube.com/watch?v=wBsrDySVfq4,Mastizaade,No,No captions available :()
https://www.youtube.com/watch?v=e_DysoKuewE,Gunday,No,No captions available :()
https://www.youtube.com/watch?v=xMDAU1WB5JQ,Hate Story 3,No,No captions available :()
